{
    "loss": 1.7204959392547607,
    "accuracy": 0.6896551847457886
}